id,organism,length,fragment,ec_number,protein_name,annotation_score,family,taxonomy,motif_start
A2VBC4,Polybia paulista (Neotropical social wasp) (Swarm-founding polistine wasp),322,,3.1.1.32,Phospholipase A1 (PLA1) (EC 3.1.1.32) (allergen Poly p 1),5.0,lipase,Polybia paulista (Neotropical social wasp) (Swarm-founding polistine wasp),153
P54318,Rattus norvegicus (Rat),468,,3.1.1.26; 3.1.1.3,Pancreatic lipase-related protein 2 (PL-RP2) (Cytotoxic T lymphocyte lipase) (Galactolipase) (EC 3.1.1.26) (Secretory glycoprotein GP-3) (Triacylglycerol lipase) (EC 3.1.1.3),5.0,lipase,Rattus norvegicus (Rat),167
Q6P8U6,Mus musculus (Mouse),465,,3.1.1.3,Pancreatic triacylglycerol lipase (PL) (PTL) (Pancreatic lipase) (EC 3.1.1.3),5.0,lipase,Mus musculus (Mouse),166
Q64573,Rattus norvegicus (Rat),561,,3.1.1.1,Liver carboxylesterase 1F (EC 3.1.1.1) (Carboxyesterase ES-4) (Kidney microsomal carboxylesterase) (Microsomal palmitoyl-CoA hydrolase),5.0,lipase,Rattus norvegicus (Rat),218
Q64424,Myocastor coypus (Coypu) (Mus coypus),470,,3.1.1.26; 3.1.1.3,Pancreatic lipase-related protein 2 (PL-RP2) (Cytotoxic T lymphocyte lipase) (Galactolipase) (EC 3.1.1.26) (Triacylglycerol lipase) (EC 3.1.1.3),5.0,lipase,Myocastor coypus (Coypu) (Mus coypus),169
Q64285,Mus musculus (Mouse),599,,3.1.1.13; 3.1.1.3; 3.1.1.6,Bile salt-activated lipase (BAL) (EC 3.1.1.13) (EC 3.1.1.3) (EC 3.1.1.6) (Bile salt-stimulated lipase) (BSSL) (Carboxyl ester lipase) (Cholesterol esterase) (Pancreatic lysophospholipase) (Sterol esterase),5.0,lipase,Mus musculus (Mouse),211
Q64194,Rattus norvegicus (Rat),397,,3.1.1.13,Lysosomal acid lipase/cholesteryl ester hydrolase (Acid cholesteryl ester hydrolase) (LAL) (EC 3.1.1.13) (Cholesteryl esterase) (Diacylglycerol lipase) (Lipase A) (Sterol esterase) (Triacylglycerol ester hydrolase) (Triacylglycerol lipase),5.0,lipase,Rattus norvegicus (Rat),115
Q64176,Mus musculus (Mouse),562,,3.1.1.1,Carboxylesterase 1E (EC 3.1.1.1) (Egasyn) (Liver carboxylesterase 22) (Es-22) (Esterase-22),5.0,lipase,Mus musculus (Mouse),219
Q63108,Rattus norvegicus (Rat),561,,3.1.1.1,Carboxylesterase 1E (EC 3.1.1.1) (Carboxyesterase ES-3) (ES-HTEL) (Egasyn) (Liver carboxylesterase 3) (pI 5.5 esterase),5.0,lipase,Rattus norvegicus (Rat),218
Q60963,Mus musculus (Mouse),440,,3.1.1.47,Platelet-activating factor acetylhydrolase (PAF acetylhydrolase) (EC 3.1.1.47) (1-alkyl-2-acetylglycerophosphocholine esterase) (2-acetyl-1-alkylglycerophosphocholine esterase) (LDL-associated phospholipase A2) (LDL-PLA(2)) (PAF 2-acylhydrolase),5.0,lipase,Mus musculus (Mouse),269
Q5VYY2,Homo sapiens (Human),423,,3.1.1.-,Lipase member M (EC 3.1.1.-) (Lipase-like abhydrolase domain-containing protein 3),5.0,lipase,Homo sapiens (Human),129
Q53H76,Homo sapiens (Human),456,,3.1.1.111,Phospholipase A1 member A (EC 3.1.1.111) (Phosphatidylserine-specific phospholipase A1) (PS-PLA1),5.0,lipase,Homo sapiens (Human),163
Q4R4S5,Macaca fascicularis (Crab-eating macaque) (Cynomolgus monkey),399,,3.1.1.13,Lysosomal acid lipase/cholesteryl ester hydrolase (Acid cholesteryl ester hydrolase) (LAL) (EC 3.1.1.13) (Cholesteryl esterase) (Diacylglycerol lipase) (Lipase A) (Sterol esterase) (Triacylglycerol ester hydrolase) (Triacylglycerol lipase),5.0,lipase,Macaca fascicularis (Crab-eating macaque) (Cynomolgus monkey),117
Q3SZ79,Bos taurus (Bovine),500,,3.1.1.3; 3.1.1.32; 3.1.1.5,Hepatic triacylglycerol lipase (HL) (Hepatic lipase) (EC 3.1.1.3) (Lipase member C) (Lysophospholipase) (EC 3.1.1.5) (Phospholipase A1) (EC 3.1.1.32),5.0,lipase,Bos taurus (Bovine),22
Q3EBR6,Arabidopsis thaliana (Mouse-ear cress),529,,3.1.1.-,"Phospholipase A1-Igamma2, chloroplastic (EC 3.1.1.-) (DAD1-like lipase 3)",5.0,lipase,Arabidopsis thaliana (Mouse-ear cress),315
Q29550,Sus scrofa (Pig),566,,3.1.1.1,Liver carboxylesterase (EC 3.1.1.1) (Proline-beta-naphthylamidase) (Retinyl ester hydrolase) (REH),5.0,lipase,Sus scrofa (Pig),219
Q29524,Ovis aries (Sheep),478,,3.1.1.32; 3.1.1.34,Lipoprotein lipase (LPL) (EC 3.1.1.34) (Phospholipase A1) (EC 3.1.1.32),5.0,lipase,Ovis aries (Sheep),159
Q28262,Canis lupus familiaris (Dog) (Canis familiaris),444,,3.1.1.47,Platelet-activating factor acetylhydrolase (PAF acetylhydrolase) (EC 3.1.1.47) (1-alkyl-2-acetylglycerophosphocholine esterase) (2-acetyl-1-alkylglycerophosphocholine esterase) (LDL-associated phospholipase A2) (LDL-PLA(2)) (PAF 2-acylhydrolase),5.0,lipase,Canis lupus familiaris (Dog) (Canis familiaris),271
Q28017,Bos taurus (Bovine),444,,3.1.1.47,Platelet-activating factor acetylhydrolase (PAF acetylhydrolase) (EC 3.1.1.47) (1-alkyl-2-acetylglycerophosphocholine esterase) (2-acetyl-1-alkylglycerophosphocholine esterase) (LDL-associated phospholipase A2) (LDL-PLA(2)) (PAF 2-acylhydrolase),5.0,lipase,Bos taurus (Bovine),271
Q13093,Homo sapiens (Human),441,,3.1.1.47,Platelet-activating factor acetylhydrolase (PAF acetylhydrolase) (EC 3.1.1.47) (1-alkyl-2-acetylglycerophosphocholine esterase) (2-acetyl-1-alkylglycerophosphocholine esterase) (Group-VIIA phospholipase A2) (gVIIA-PLA2) (LDL-associated phospholipase A2) (LDL-PLA(2)) (PAF 2-acylhydrolase),5.0,lipase,Homo sapiens (Human),270
Q08448,Saccharomyces cerevisiae (strain ATCC 204508 / S288c) (Baker's yeast),450,,3.1.-.-; 3.1.1.4,Lipid droplet phospholipase 1 (EC 3.1.-.-) (EC 3.1.1.4),5.0,lipase,Saccharomyces cerevisiae (strain ATCC 204508 / S288c) (Baker's yeast),87
Q06000,Rattus norvegicus (Rat),474,,3.1.1.32; 3.1.1.34,Lipoprotein lipase (LPL) (EC 3.1.1.34) (Phospholipase A1) (EC 3.1.1.32),5.0,lipase,Rattus norvegicus (Rat),156
P82597,Bacillus sp. (strain H-257),250,,3.1.1.23,Thermostable monoacylglycerol lipase (MGLP) (bMGL) (EC 3.1.1.23),5.0,lipase,Bacillus sp. (strain H-257),94
P81139,Cavia porcellus (Guinea pig),434,,3.1.1.26; 3.1.1.3,Pancreatic lipase-related protein 2 (PL-RP2) (Cytotoxic T lymphocyte lipase) (GPL) (Galactolipase) (EC 3.1.1.26) (Triacylglycerol lipase) (EC 3.1.1.3),5.0,lipase,Cavia porcellus (Guinea pig),151
P80035,Canis lupus familiaris (Dog) (Canis familiaris),398,,3.1.1.3,Gastric triacylglycerol lipase (GL) (Gastric lipase) (EC 3.1.1.3),5.0,lipase,Canis lupus familiaris (Dog) (Canis familiaris),115
P79066,Geotrichum fermentans (Yeast) (Dipodascus fermentans),563,,3.1.1.3,Lipase 1 (EC 3.1.1.3) (Lipase I) (TFL I),5.0,lipase,Geotrichum fermentans (Yeast) (Dipodascus fermentans),233
P70683,Cavia porcellus (Guinea pig),436,,3.1.1.47,Platelet-activating factor acetylhydrolase (PAF acetylhydrolase) (EC 3.1.1.47) (1-alkyl-2-acetylglycerophosphocholine esterase) (2-acetyl-1-alkylglycerophosphocholine esterase) (LDL-associated phospholipase A2) (LDL-PLA(2)) (PAF 2-acylhydrolase),5.0,lipase,Cavia porcellus (Guinea pig),268
P61872,Rhizopus oryzae (Mucormycosis agent) (Rhizopus arrhizus var. delemar),392,,3.1.1.3,Lipase (EC 3.1.1.3) (RDL) (Triacylglycerol lipase) (ROL),5.0,lipase,Rhizopus oryzae (Mucormycosis agent) (Rhizopus arrhizus var. delemar),265
P61870,Penicillium camembertii,305,,3.1.1.-,Secreted mono- and diacylglycerol lipase A (MDGL) (EC 3.1.1.-),5.0,lipase,Penicillium camembertii,168
Q6UWW8,Homo sapiens (Human),571,,3.1.1.1,Carboxylesterase 3 (EC 3.1.1.1) (Liver carboxylesterase 31 homolog),5.0,lipase,Homo sapiens (Human),226
Q6XZB0,Homo sapiens (Human),460,,3.1.1.-,Lipase member I (LIPI) (EC 3.1.1.-) (Cancer/testis antigen 17) (CT17) (LPD lipase) (Membrane-associated phosphatidic acid-selective phospholipase A1-beta) (mPA-PLA1 beta),5.0,lipase,Homo sapiens (Human),156
Q71DJ5,Arabidopsis thaliana (Mouse-ear cress),393,,3.1.1.3,Triacylglycerol lipase 1 (EC 3.1.1.3),5.0,lipase,Arabidopsis thaliana (Mouse-ear cress),163
Q99685,Homo sapiens (Human),303,,3.1.1.23,Monoglyceride lipase (MGL) (EC 3.1.1.23) (HU-K5) (Lysophospholipase homolog) (Lysophospholipase-like) (Monoacylglycerol lipase) (MAGL),5.0,lipase,Homo sapiens (Human),80
A5PK46,Bos taurus (Bovine),469,,3.1.1.26; 3.1.1.3,Pancreatic lipase-related protein 2 (PL-RP2) (Cytotoxic T lymphocyte lipase) (Galactolipase) (EC 3.1.1.26) (Triacylglycerol lipase) (EC 3.1.1.3),5.0,lipase,Bos taurus (Bovine),168
W3VKA4,Moesziomyces aphidis (Pseudozyma aphidis),462,,3.1.1.3,Lipase A (CalA) (EC 3.1.1.3),5.0,lipase,Moesziomyces aphidis (Pseudozyma aphidis),202
S5ZJC7,Starmerella bombicola (Yeast) (Candida bombicola),410,,3.1.1.-,Sophorolipid transesterase (SBLE) (EC 3.1.1.-) (Lactonase) (Lactone transesterase) (Lipase-like enzyme SBLE),5.0,lipase,Starmerella bombicola (Yeast) (Candida bombicola),191
Q9Z0M5,Mus musculus (Mouse),397,,3.1.1.13,Lysosomal acid lipase/cholesteryl ester hydrolase (Acid cholesteryl ester hydrolase) (LAL) (EC 3.1.1.13) (Cholesteryl esterase) (Diacylglycerol lipase) (Lipase A) (Sterol esterase) (Triacylglycerol ester hydrolase) (Triacylglycerol lipase),5.0,lipase,Mus musculus (Mouse),115
Q9Y5X9,Homo sapiens (Human),500,,3.1.1.3; 3.1.1.32,Endothelial lipase (EC 3.1.1.3) (Endothelial cell-derived lipase) (EDL) (EL) (Phospholipase A1) (EC 3.1.1.32),5.0,lipase,Homo sapiens (Human),166
Q9WVG5,Mus musculus (Mouse),500,,3.1.1.3; 3.1.1.32,Endothelial lipase (EC 3.1.1.3) (Endothelial cell-derived lipase) (EDL) (Phospholipase A1) (EC 3.1.1.32),5.0,lipase,Mus musculus (Mouse),166
Q9SIN9,Arabidopsis thaliana (Mouse-ear cress),484,,3.1.1.-,"Phospholipase A1-Ialpha2, chloroplastic (EC 3.1.1.-) (DAD1-like lipase 5)",5.0,lipase,Arabidopsis thaliana (Mouse-ear cress),294
Q9S745,Arabidopsis thaliana (Mouse-ear cress),541,,2.3.1.-,Lipase-like PAD4 (EC 2.3.1.-) (Protein ENHANCED DISEASE SUSCEPTIBILITY 9) (Protein PHYTOALEXIN DEFICIENT 4) (AtPAD4),5.0,lipase,Arabidopsis thaliana (Mouse-ear cress),115
Q9P8W0,Candida albicans (strain SC5314 / ATCC MYA-2876) (Yeast),463,,3.1.1.3,Lipase 5 (EC 3.1.1.3),5.0,lipase,Candida albicans (strain SC5314 / ATCC MYA-2876) (Yeast),191
Q9MA46,Arabidopsis thaliana (Mouse-ear cress),471,,3.1.1.26; 3.1.1.32,"Galactolipase DONGLE, chloroplastic (EC 3.1.1.26) (EC 3.1.1.32) (Phospholipase A1 DONGLE) (Phospholipase A1-Ialpha1)",5.0,lipase,Arabidopsis thaliana (Mouse-ear cress),283
Q9LE89,Chenopodium album (Fat hen),347,,3.1.1.14,Chlorophyllase type 0 (EC 3.1.1.14) (CaCLH0) (Chlorophyll-chlorophyllido hydrolase 0) (Chlase 0),5.0,lipase,Chenopodium album (Fat hen),159
Q9C942,Arabidopsis thaliana (Mouse-ear cress),332,,3.1.1.-,Caffeoylshikimate esterase (EC 3.1.1.-) (Lysophospholipase 2) (LysoPL2),5.0,lipase,Arabidopsis thaliana (Mouse-ear cress),103
Q9C8J6,Arabidopsis thaliana (Mouse-ear cress),527,,3.1.1.-,"Phospholipase A1-Igamma3, chloroplastic (EC 3.1.1.-) (DAD1-like lipase 2)",5.0,lipase,Arabidopsis thaliana (Mouse-ear cress),299
Q948R1,Arabidopsis thaliana (Mouse-ear cress),447,,3.1.1.32,"Phospholipase A(1) DAD1, chloroplastic (EC 3.1.1.32) (Phospholipase A1-Ibeta1) (Protein DEFECTIVE IN ANTHER DEHISCENCE 1) (AtDAD1)",5.0,lipase,Arabidopsis thaliana (Mouse-ear cress),292
Q86WA6,Homo sapiens (Human),291,,3.1.-.-,Serine hydrolase BPHL (EC 3.1.-.-) (Biphenyl hydrolase-like protein) (Biphenyl hydrolase-related protein) (Bph-rp) (Breast epithelial mucin-associated antigen) (MCNAA) (L-homocysteine-thiolactonase BPHL) (Valacyclovir hydrolase) (VACVase) (Valacyclovirase),5.0,lipase,Homo sapiens (Human),136
Q94252,Caenorhabditis elegans,411,,3.1.1.-; 3.1.1.3,Lipase lipl-4 (EC 3.1.1.-) (EC 3.1.1.3) (Lipase-like 4),5.0,lipase,Caenorhabditis elegans,174
Q941F1,Arabidopsis thaliana (Mouse-ear cress),515,,3.1.1.-,"Phospholipase A1-Igamma1, chloroplastic (EC 3.1.1.-) (DAD1-like lipase 4)",5.0,lipase,Arabidopsis thaliana (Mouse-ear cress),300
Q91WU0,Mus musculus (Mouse),561,,3.1.1.1,Carboxylesterase 1F (EC 3.1.1.1) (Carboxylic ester hydrolase) (Triacylglycerol hydrolase 2) (TGH-2),5.0,lipase,Mus musculus (Mouse),218
Q91WG0,Mus musculus (Mouse),561,,3.1.1.-; 3.1.1.28,Acylcarnitine hydrolase (ACH M1) (EC 3.1.1.28) (Carboxylesterase 2) (CES 2) (Carboxylic ester hydrolase) (EC 3.1.1.-) (Peroxisome proliferator-inducible acylcarnitine hydrolase),5.0,lipase,Mus musculus (Mouse),227
Q8WWY8,Homo sapiens (Human),451,,3.1.1.-,Lipase member H (LIPH) (EC 3.1.1.-) (LPD lipase-related protein) (Membrane-associated phosphatidic acid-selective phospholipase A1-alpha) (mPA-PLA1 alpha) (Phospholipase A1 member B),5.0,lipase,Homo sapiens (Human),151
Q8VCT4,Mus musculus (Mouse),565,,3.1.1.1; 3.1.1.67,"Carboxylesterase 1D (Carboxylesterase 3) (EC 3.1.1.1, EC 3.1.1.67) (Fatty acid ethyl ester synthase) (FAEE synthase) (Triacylglycerol hydrolase) (TGH)",5.0,lipase,Mus musculus (Mouse),218
Q8VCC2,Mus musculus (Mouse),565,,3.1.1.1; 3.1.1.13,Liver carboxylesterase 1 (EC 3.1.1.1) (Acyl-coenzyme A:cholesterol acyltransferase) (Carboxylesterase 1G) (Cholesteryl ester hydrolase) (CEH) (EC 3.1.1.13) (ES-x),5.0,lipase,Mus musculus (Mouse),218
Q8VBX1,Rattus norvegicus (Rat),493,,3.1.1.3; 3.1.1.32,Endothelial lipase (EC 3.1.1.3) (Endothelial-derived lipase) (EDL) (Phospholipase A1) (EC 3.1.1.32),5.0,lipase,Rattus norvegicus (Rat),168
Q8S1D9,Oryza sativa subsp. japonica (Rice),435,,3.1.1.32,"Phospholipase A1 EG1, chloroplastic/mitochondrial (EC 3.1.1.32) (Protein EXTRA GLUME 1)",5.0,lipase,Oryza sativa subsp. japonica (Rice),263
Q8R431,Rattus norvegicus (Rat),303,,3.1.1.23,Monoglyceride lipase (MGL) (EC 3.1.1.23) (Monoacylglycerol lipase) (MAGL),5.0,lipase,Rattus norvegicus (Rat),80
Q8K3R0,Rattus norvegicus (Rat),558,,3.1.1.-; 3.1.1.88,Pyrethroid hydrolase Ces2a (EC 3.1.1.88) (Carboxylic ester hydrolase) (EC 3.1.1.-),5.0,lipase,Rattus norvegicus (Rat),224
Q8I034,Felis catus (Cat) (Felis silvestris catus),545,,3.1.1.1,Carboxylesterase 5A (EC 3.1.1.1) (Carboxylesterase-like urinary excreted protein) (Cauxin),5.0,lipase,Felis catus (Cat) (Felis silvestris catus),223
Q8BK48,Mus musculus (Mouse),559,,3.1.1.-; 3.1.1.88,Pyrethroid hydrolase Ces2e (EC 3.1.1.88) (Carboxylic ester hydrolase) (EC 3.1.1.-) (carboxylesterase 2E),5.0,lipase,Mus musculus (Mouse),225
P55031,Felis catus (Cat) (Felis silvestris catus),478,,3.1.1.32; 3.1.1.34,Lipoprotein lipase (LPL) (EC 3.1.1.34) (Phospholipase A1) (EC 3.1.1.32),5.0,lipase,Felis catus (Cat) (Felis silvestris catus),159
Q5VXI9,Homo sapiens (Human),398,,3.1.1.13; 3.1.1.3,Lipase member N (EC 3.1.1.13) (EC 3.1.1.3) (Lipase-like abhydrolase domain-containing protein 4),5.0,lipase,Homo sapiens (Human),116
P54317,Homo sapiens (Human),469,,3.1.1.26; 3.1.1.3,Pancreatic lipase-related protein 2 (PL-RP2) (Cytotoxic T lymphocyte lipase) (Galactolipase) (EC 3.1.1.26) (Triacylglycerol lipase) (EC 3.1.1.3),5.0,lipase,Homo sapiens (Human),168
P10959,Rattus norvegicus (Rat),549,,3.1.1.1,Carboxylesterase 1C (EC 3.1.1.1) (Carboxyesterase ES-1) (E1) (ES-THET) (Esterase-2) (Liver carboxylesterase 1) (Neutral retinyl ester hydrolase) (NREH) (Retinyl ester hydrolase) (REH),5.0,lipase,Rattus norvegicus (Rat),218
P0DUB8,Burkholderia plantarii,358,,3.1.1.3,Triacylglycerol lipase (EC 3.1.1.3) (Extracellular lipase) (Triacylglycerol ester hydrolase),5.0,lipase,Burkholderia plantarii,123
P0DMB5,Vespa affinis (Lesser banded hornet),334,,3.1.1.32,Phospholipase A1 2 (PLA1) (EC 3.1.1.32) (Allergen Ves a 1.02) (Vespapase) (allergen Vesp a 1),5.0,lipase,Vespa affinis (Lesser banded hornet),167
P0CT91,Sodiomyces alcalophilus (Acremonium alcalophilum),416,,3.1.1.3; 3.1.1.72,Lipase A (EC 3.1.1.3) (EC 3.1.1.72) (Acetylxylan esterase),5.0,lipase,Sodiomyces alcalophilus (Acremonium alcalophilum),216
P08171,Drosophila melanogaster (Fruit fly),544,,3.1.1.1,Esterase-6 (Est-6) (EC 3.1.1.1) (Carboxylic-ester hydrolase 6) (Carboxylesterase-6),5.0,lipase,Drosophila melanogaster (Fruit fly),206
P07867,Rattus norvegicus (Rat),494,,3.1.1.3; 3.1.1.32; 3.1.1.5,Hepatic triacylglycerol lipase (HL) (Hepatic lipase) (EC 3.1.1.3) (Lipase member C) (Lysophospholipase) (EC 3.1.1.5) (Phospholipase A1) (EC 3.1.1.32),5.0,lipase,Rattus norvegicus (Rat),166
P07692,Torpedo marmorata (Marbled electric ray),590,,3.1.1.7,Acetylcholinesterase (AChE) (EC 3.1.1.7),5.0,lipase,Torpedo marmorata (Marbled electric ray),221
P07098,Homo sapiens (Human),398,,3.1.1.3,Gastric triacylglycerol lipase (GL) (Gastric lipase) (EC 3.1.1.3),5.0,lipase,Homo sapiens (Human),115
P06858,Homo sapiens (Human),475,,3.1.1.32; 3.1.1.34,Lipoprotein lipase (LPL) (EC 3.1.1.34) (Phospholipase A1) (EC 3.1.1.32),5.0,lipase,Homo sapiens (Human),156
P06857,Canis lupus familiaris (Dog) (Canis familiaris),467,,,Inactive pancreatic lipase-related protein 1 (PL-RP1),5.0,lipase,Canis lupus familiaris (Dog) (Canis familiaris),168
P06607,Drosophila melanogaster (Fruit fly),420,,,Vitellogenin-3 (Vitellogenin III) (Yolk protein 3),5.0,lipase,Drosophila melanogaster (Fruit fly),286
P04634,Rattus norvegicus (Rat),395,,3.1.1.3,Gastric triacylglycerol lipase (GL) (Gastric lipase) (EC 3.1.1.3) (Lingual lipase),5.0,lipase,Rattus norvegicus (Rat),114
P04180,Homo sapiens (Human),440,,2.3.1.43; 3.1.1.47,Phosphatidylcholine-sterol acyltransferase (EC 2.3.1.43) (1-alkyl-2-acetylglycerophosphocholine esterase) (EC 3.1.1.47) (Lecithin-cholesterol acyltransferase) (Phospholipid-cholesterol acyltransferase) (Platelet-activating factor acetylhydrolase) (PAF acetylhydrolase),5.0,lipase,Homo sapiens (Human),202
P04058,Tetronarce californica (Pacific electric ray) (Torpedo californica),586,,3.1.1.7,Acetylcholinesterase (AChE) (EC 3.1.1.7),5.0,lipase,Tetronarce californica (Pacific electric ray) (Torpedo californica),218
P02844,Drosophila melanogaster (Fruit fly),442,,,Vitellogenin-2 (Vitellogenin II) (Yolk protein 2),5.0,lipase,Drosophila melanogaster (Fruit fly),331
P00591,Sus scrofa (Pig),450,,3.1.1.3,Pancreatic triacylglycerol lipase (PL) (PTL) (Pancreatic lipase) (EC 3.1.1.3),5.0,lipase,Sus scrofa (Pig),150
O88354,Ictidomys tridecemlineatus (Thirteen-lined ground squirrel) (Spermophilus tridecemlineatus),465,,3.1.1.3,Pancreatic triacylglycerol lipase (PL) (PTL) (Pancreatic lipase) (EC 3.1.1.3) (Heart pancreatic lipase) (PL-h),5.0,lipase,Ictidomys tridecemlineatus (Thirteen-lined ground squirrel) (Spermophilus tridecemlineatus),166
O70631,Rattus norvegicus (Rat),561,,3.1.1.-; 3.1.1.28,Acylcarnitine hydrolase (ACH M1) (EC 3.1.1.28) (Carboxylic ester hydrolase) (EC 3.1.1.-),5.0,lipase,Rattus norvegicus (Rat),227
O61866,Caenorhabditis elegans,403,,3.1.1.-,Lipase lipl-5 (EC 3.1.1.-) (Lipase-like 5),5.0,lipase,Caenorhabditis elegans,164
P54315,Homo sapiens (Human),467,,,Inactive pancreatic lipase-related protein 1 (PL-RP1),5.0,lipase,Homo sapiens (Human),168
O46647,Neovison vison (American mink) (Mustela vison),475,,3.1.1.34,Lipoprotein lipase (LPL) (EC 3.1.1.34),5.0,lipase,Neovison vison (American mink) (Mustela vison),156
O46559,Oryctolagus cuniculus (Rabbit),499,,3.1.1.3; 3.1.1.32; 3.1.1.5,Hepatic triacylglycerol lipase (HL) (Hepatic lipase) (EC 3.1.1.3) (Lipase member C) (Lysophospholipase) (EC 3.1.1.5) (Phospholipase A1) (EC 3.1.1.32),5.0,lipase,Oryctolagus cuniculus (Rabbit),165
O46421,Macaca fascicularis (Crab-eating macaque) (Cynomolgus monkey),566,,3.1.1.1; 3.1.1.13,Liver carboxylesterase 1 (EC 3.1.1.1) (Cholesteryl ester hydrolase) (CEH) (EC 3.1.1.13),5.0,lipase,Macaca fascicularis (Crab-eating macaque) (Cynomolgus monkey),218
O35678,Mus musculus (Mouse),303,,3.1.1.23,Monoglyceride lipase (MGL) (EC 3.1.1.23) (Monoacylglycerol lipase) (MAGL),5.0,lipase,Mus musculus (Mouse),80
O22527,Arabidopsis thaliana (Mouse-ear cress),324,,3.1.1.14,Chlorophyllase-1 (AtCLH1) (EC 3.1.1.14) (Chlorophyll-chlorophyllido hydrolase 1) (Chlase 1) (Coronatine-induced protein 1) (CORI1),5.0,lipase,Arabidopsis thaliana (Mouse-ear cress),135
O00748,Homo sapiens (Human),559,,3.1.1.1; 3.1.1.56; 3.1.1.84,Cocaine esterase (EC 3.1.1.84) (Carboxylesterase 2) (CE-2) (hCE-2) (EC 3.1.1.1) (Methylumbelliferyl-acetate deacetylase 2) (EC 3.1.1.56),5.0,lipase,Homo sapiens (Human),225
F4JFU8,Arabidopsis thaliana (Mouse-ear cress),518,,3.1.1.-,Triacylglycerol lipase OBL1 (EC 3.1.1.-) (Oil body lipase 1) (AtOBL1),5.0,lipase,Arabidopsis thaliana (Mouse-ear cress),336
D7EZN2,Sus scrofa (Pig),471,,3.1.1.26; 3.1.1.3,Pancreatic lipase-related protein 2 (PL-RP2) (Cytotoxic T lymphocyte lipase) (Galactolipase) (EC 3.1.1.26) (Triacylglycerol lipase) (EC 3.1.1.3),5.0,lipase,Sus scrofa (Pig),168
A8PUY1,Malassezia globosa (strain ATCC MYA-4612 / CBS 7966) (Dandruff-associated fungus),304,,3.1.1.-,Secreted mono- and diacylglycerol lipase LIP1 (EC 3.1.1.-),5.0,lipase,Malassezia globosa (strain ATCC MYA-4612 / CBS 7966) (Dandruff-associated fungus),168
P0DUB9,Pseudarthrobacter phenanthrenivorans (Arthrobacter phenanthrenivorans),319,,3.1.1.3,Triacylglycerol lipase (EC 3.1.1.3) (Extracellular lipase) (Triacylglycerol ester hydrolase),5.0,lipase,Pseudarthrobacter phenanthrenivorans (Arthrobacter phenanthrenivorans),84
O49523,Arabidopsis thaliana (Mouse-ear cress),419,,3.1.1.-,Phospholipase A1-IIgamma (EC 3.1.1.-) (DAD1-like seedling establishment-related lipase) (AtDSEL) (Phospholipase DSEL),5.0,lipase,Arabidopsis thaliana (Mouse-ear cress),233
P11150,Homo sapiens (Human),499,,3.1.1.3; 3.1.1.32; 3.1.1.5,Hepatic triacylglycerol lipase (HL) (Hepatic lipase) (EC 3.1.1.3) (Lipase member C) (Lysophospholipase) (EC 3.1.1.5) (Phospholipase A1) (EC 3.1.1.32),5.0,lipase,Homo sapiens (Human),165
P23141,Homo sapiens (Human),567,,3.1.1.1; 3.1.1.13; 3.1.1.56,Liver carboxylesterase 1 (Acyl-coenzyme A:cholesterol acyltransferase) (ACAT) (Brain carboxylesterase hBr1) (Carboxylesterase 1) (CE-1) (hCE-1) (EC 3.1.1.1) (Cholesteryl ester hydrolase) (CEH) (EC 3.1.1.13) (Cocaine carboxylesterase) (Egasyn) (HMSE) (Methylumbelliferyl-acetate deacetylase 1) (EC 3.1.1.56) (Monocyte/macrophage serine esterase) (Retinyl ester hydrolase) (REH) (Serine esterase 1) (Triacylglycerol hydrolase) (TGH),5.0,lipase,Homo sapiens (Human),218
P53761,Oryctolagus cuniculus (Rabbit),440,,2.3.1.43; 3.1.1.47,Phosphatidylcholine-sterol acyltransferase (EC 2.3.1.43) (1-alkyl-2-acetylglycerophosphocholine esterase) (EC 3.1.1.47) (Lecithin-cholesterol acyltransferase) (Phospholipid-cholesterol acyltransferase) (Platelet-activating factor acetylhydrolase) (PAF acetylhydrolase),5.0,lipase,Oryctolagus cuniculus (Rabbit),202
P49923,Sus scrofa (Pig),478,,3.1.1.32; 3.1.1.34,Lipoprotein lipase (LPL) (EC 3.1.1.34) (Phospholipase A1) (EC 3.1.1.32),5.0,lipase,Sus scrofa (Pig),159
P38571,Homo sapiens (Human),399,,3.1.1.13,Lysosomal acid lipase/cholesteryl ester hydrolase (Acid cholesteryl ester hydrolase) (LAL) (EC 3.1.1.13) (Cholesteryl esterase) (Diacylglycerol lipase) (Lipase A) (Sterol esterase) (Triacylglycerol ester hydrolase) (Triacylglycerol lipase),5.0,lipase,Homo sapiens (Human),117
P28321,Saccharomyces cerevisiae (strain ATCC 204508 / S288c) (Baker's yeast),313,,3.1.1.23,Monoglyceride lipase (MGL) (EC 3.1.1.23) (Fatty acid ethyl ester hydrolase) (FAEE hydrolase) (Monoacylglycerol hydrolase) (MAG hydrolase) (MGH) (Monoacylglycerol lipase) (MAG lipase) (MAGL) (Serine hydrolase YJU3),5.0,lipase,Saccharomyces cerevisiae (strain ATCC 204508 / S288c) (Baker's yeast),83
P27657,Rattus norvegicus (Rat),465,,3.1.1.3,Pancreatic triacylglycerol lipase (PL) (Pancreatic lipase) (EC 3.1.1.3),5.0,lipase,Rattus norvegicus (Rat),166
P27656,Mus musculus (Mouse),510,,3.1.1.3; 3.1.1.32; 3.1.1.5,Hepatic triacylglycerol lipase (HL) (Hepatic lipase) (EC 3.1.1.3) (Lipase member C) (Lysophospholipase) (EC 3.1.1.5) (Phospholipase A1) (EC 3.1.1.32),5.0,lipase,Mus musculus (Mouse),31
P26876,Pseudomonas aeruginosa (strain ATCC 15692 / DSM 22644 / CIP 104116 / JCM 14847 / LMG 12228 / 1C / PRS 101 / PAO1),311,,3.1.1.3,Triacylglycerol lipase (EC 3.1.1.3) (Extracellular lipase) (Triacylglycerol ester hydrolase),5.0,lipase,Pseudomonas aeruginosa (strain ATCC 15692 / DSM 22644 / CIP 104116 / JCM 14847 / LMG 12228 / 1C / PRS 101 / PAO1),105
P25727,Drosophila pseudoobscura pseudoobscura (Fruit fly),548,,3.1.1.1,Esterase-5A (Est-5A) (EC 3.1.1.1) (Carboxylic-ester hydrolase 5A) (Carboxylesterase-5A),5.0,lipase,Drosophila pseudoobscura pseudoobscura (Fruit fly),207
P25726,Drosophila pseudoobscura pseudoobscura (Fruit fly),545,,3.1.1.1,Esterase-5B (Est-5B) (EC 3.1.1.1) (Carboxylic-ester hydrolase 5B) (Carboxylesterase-5B),5.0,lipase,Drosophila pseudoobscura pseudoobscura (Fruit fly),204
P25641,Saccharomyces cerevisiae (strain ATCC 204508 / S288c) (Baker's yeast),520,,3.1.1.3,Putative lipase ATG15 (EC 3.1.1.3) (Autophagy-related protein 15) (Cytoplasm to vacuole targeting protein 17),5.0,lipase,Saccharomyces cerevisiae (strain ATCC 204508 / S288c) (Baker's yeast),329
P23953,Mus musculus (Mouse),554,,3.1.1.1,Carboxylesterase 1C (EC 3.1.1.1) (Liver carboxylesterase N) (Lung surfactant convertase) (PES-N),5.0,lipase,Mus musculus (Mouse),218
P38139,Saccharomyces cerevisiae (strain ATCC 204508 / S288c) (Baker's yeast),375,,3.1.1.3,Lipid droplet hydrolase 1 (EC 3.1.1.3) (Lipid esterase) (Triacylglycerol lipase),5.0,lipase,Saccharomyces cerevisiae (strain ATCC 204508 / S288c) (Baker's yeast),174
P16233,Homo sapiens (Human),465,,3.1.1.3,Pancreatic triacylglycerol lipase (PL) (PTL) (Pancreatic lipase) (EC 3.1.1.3),5.0,lipase,Homo sapiens (Human),166
P11152,Mus musculus (Mouse),474,,3.1.1.32; 3.1.1.34,Lipoprotein lipase (LPL) (EC 3.1.1.34) (Phospholipase A1) (EC 3.1.1.32),5.0,lipase,Mus musculus (Mouse),156
P22088,Burkholderia cepacia (Pseudomonas cepacia),364,,3.1.1.3,Triacylglycerol lipase (EC 3.1.1.3) (Extracellular lipase) (Triacylglycerol ester hydrolase),5.0,lipase,Burkholderia cepacia (Pseudomonas cepacia),128
P11153,Cavia porcellus (Guinea pig),465,,3.1.1.32; 3.1.1.34,Lipoprotein lipase (LPL) (EC 3.1.1.34) (Phospholipase A1) (EC 3.1.1.32),5.0,lipase,Cavia porcellus (Guinea pig),146
P11602,Gallus gallus (Chicken),490,,3.1.1.32; 3.1.1.34,Lipoprotein lipase (LPL) (EC 3.1.1.34) (Phospholipase A1) (EC 3.1.1.32),5.0,lipase,Gallus gallus (Chicken),156
P15493,Vibrio cholerae serotype O1 (strain ATCC 39315 / El Tor Inaba N16961),312,,3.1.1.3,Triacylglycerol lipase (EC 3.1.1.3) (Extracellular lipase) (Triacylglycerol ester hydrolase),5.0,lipase,Vibrio cholerae serotype O1 (strain ATCC 39315 / El Tor Inaba N16961),107
P14943,Oryctolagus cuniculus (Rabbit),532,,3.1.1.1; 3.1.1.84,Cocaine esterase (EC 3.1.1.84) (Liver carboxylesterase 2) (EC 3.1.1.1),5.0,lipase,Oryctolagus cuniculus (Rabbit),198
P16301,Mus musculus (Mouse),438,,2.3.1.43; 3.1.1.47,Phosphatidylcholine-sterol acyltransferase (EC 2.3.1.43) (1-alkyl-2-acetylglycerophosphocholine esterase) (EC 3.1.1.47) (Lecithin-cholesterol acyltransferase) (Phospholipid-cholesterol acyltransferase) (Platelet-activating factor acetylhydrolase) (PAF acetylhydrolase),5.0,lipase,Mus musculus (Mouse),202
P16303,Rattus norvegicus (Rat),565,,3.1.1.1; 3.1.1.67,"Carboxylesterase 1D (Carboxyesterase ES-10) (Carboxylesterase 3) (EC 3.1.1.1, EC 3.1.1.67) (ES-HVEL) (Fatty acid ethyl ester synthase) (FAEE synthase) (Liver carboxylesterase 10) (pI 6.1 esterase)",5.0,lipase,Rattus norvegicus (Rat),218
P17573,Geotrichum candidum (Oospora lactis) (Dipodascus geotrichum),563,,3.1.1.3,Lipase 1 (EC 3.1.1.3) (GCL I) (Lipase I),5.0,lipase,Geotrichum candidum (Oospora lactis) (Dipodascus geotrichum),233
P17892,Mus musculus (Mouse),482,,3.1.1.26; 3.1.1.3,Pancreatic lipase-related protein 2 (PL-RP2) (Cytotoxic T lymphocyte lipase) (Galactolipase) (EC 3.1.1.26) (Triacylglycerol lipase) (EC 3.1.1.3),5.0,lipase,Mus musculus (Mouse),181
P18424,Rattus norvegicus (Rat),440,,2.3.1.43; 3.1.1.47,Phosphatidylcholine-sterol acyltransferase (EC 2.3.1.43) (1-alkyl-2-acetylglycerophosphocholine esterase) (EC 3.1.1.47) (Lecithin-cholesterol acyltransferase) (Phospholipid-cholesterol acyltransferase) (Platelet-activating factor acetylhydrolase) (PAF acetylhydrolase),5.0,lipase,Rattus norvegicus (Rat),202
Q5A4N0,Candida albicans (strain SC5314 / ATCC MYA-2876) (Yeast),597,,3.1.1.3,Putative lipase ATG15 (EC 3.1.1.3) (Autophagy-related protein 15),4.0,lipase,Candida albicans (strain SC5314 / ATCC MYA-2876) (Yeast),361
Q0V1P1,Phaeosphaeria nodorum (strain SN15 / ATCC MYA-4574 / FGSC 10173) (Glume blotch fungus) (Parastagonospora nodorum),594,,3.1.1.3,Putative lipase ATG15-1 (EC 3.1.1.3) (Autophagy-related protein 15),4.0,lipase,Phaeosphaeria nodorum (strain SN15 / ATCC MYA-4574 / FGSC 10173) (Glume blotch fungus) (Parastagonospora nodorum),296
Q5BKQ4,Mus musculus (Mouse),473,,,Inactive pancreatic lipase-related protein 1 (PL-RP1),4.0,lipase,Mus musculus (Mouse),168
Q4PHZ2,Mycosarcoma maydis (Corn smut fungus) (Ustilago maydis),517,,3.1.1.3,Putative lipase ATG15 (EC 3.1.1.3) (Autophagy-related protein 15),4.0,lipase,Mycosarcoma maydis (Corn smut fungus) (Ustilago maydis),316
Q3YBN2,Mesocricetus auratus (Golden hamster),398,,,Tear acid lipase-like protein (TALLP),4.0,lipase,Mesocricetus auratus (Golden hamster),113
Q3U4B4,Mus musculus (Mouse),400,,3.1.1.13; 3.1.1.3,Lipase member N (EC 3.1.1.13) (EC 3.1.1.3) (Lipase-like abhydrolase domain-containing protein 4),4.0,lipase,Mus musculus (Mouse),118
Q2VG90,Malassezia furfur (Pityriasis versicolor infection agent) (Pityrosporum furfur),488,,3.1.1.-; 3.1.1.3,Secreted triacylglycerol lipase LIP1 (EC 3.1.1.-) (EC 3.1.1.3),4.0,lipase,Malassezia furfur (Pityriasis versicolor infection agent) (Pityrosporum furfur),198
Q2H6M8,Chaetomium globosum (strain ATCC 6205 / CBS 148.51 / DSM 1962 / NBRC 6347 / NRRL 1970) (Soil fungus),499,,3.1.1.3,Putative lipase atg15 (EC 3.1.1.3) (Autophagy-related protein 15),4.0,lipase,Chaetomium globosum (strain ATCC 6205 / CBS 148.51 / DSM 1962 / NBRC 6347 / NRRL 1970) (Soil fungus),287
Q29458,Bos taurus (Bovine),397,,3.1.1.3,Gastric triacylglycerol lipase (GL) (Gastric lipase) (EC 3.1.1.3) (Pregastric esterase) (PGE),4.0,lipase,Bos taurus (Bovine),114
Q17RR3,Homo sapiens (Human),467,,3.1.1.3,Pancreatic lipase-related protein 3 (PL-RP3) (EC 3.1.1.3),4.0,lipase,Homo sapiens (Human),12
Q02157,Oryctolagus cuniculus (Rabbit),465,,3.1.1.3,Pancreatic triacylglycerol lipase (PL) (PTL) (Pancreatic lipase) (EC 3.1.1.3),4.0,lipase,Oryctolagus cuniculus (Rabbit),167
Q08758,Papio anubis (Olive baboon),440,,2.3.1.43,Phosphatidylcholine-sterol acyltransferase (EC 2.3.1.43) (Lecithin-cholesterol acyltransferase) (Phospholipid-cholesterol acyltransferase),4.0,lipase,Papio anubis (Olive baboon),202
Q08662,Drosophila simulans (Fruit fly),542,,3.1.1.1,Esterase 6 (Est-6) (EC 3.1.1.1) (Carboxylic-ester hydrolase 6) (Carboxylesterase-6),4.0,lipase,Drosophila simulans (Fruit fly),204
Q05487,Drosophila virilis (Fruit fly),542,,3.1.1.1,Esterase S (Est-S) (EC 3.1.1.1) (Carboxylic-ester hydrolase S) (Carboxylesterase-S),4.0,lipase,Drosophila virilis (Fruit fly),125
Q04457,Caenorhabditis elegans,562,,3.1.1.1,Gut esterase 1 (EC 3.1.1.1) (Non-specific carboxylesterase),4.0,lipase,Caenorhabditis elegans,195
P9WEM7,Malassezia restricta (Seborrheic dermatitis infection agent),304,,3.1.1.-,Secreted mono- and diacylglycerol lipase LIP1 (EC 3.1.1.-),4.0,lipase,Malassezia restricta (Seborrheic dermatitis infection agent),168
P97535,Rattus norvegicus (Rat),456,,3.1.1.111,Phospholipase A1 member A (EC 3.1.1.111) (Phosphatidylserine-specific phospholipase A1) (PS-PLA1),4.0,lipase,Rattus norvegicus (Rat),163
Q5VXJ0,Homo sapiens (Human),399,,3.1.1.-,Lipase member K (EC 3.1.1.-) (Lipase-like abhydrolase domain-containing protein 2),4.0,lipase,Homo sapiens (Human),115
P81908,Equus caballus (Horse),574,,3.1.1.8,Cholinesterase (EC 3.1.1.8) (Acylcholine acylhydrolase) (Butyrylcholine esterase) (Choline esterase II) (EQ-BCHE) (Pseudocholinesterase),4.0,lipase,Equus caballus (Horse),195
Q5RBQ5,Pongo abelii (Sumatran orangutan) (Pongo pygmaeus abelii),456,,3.1.1.111,Phospholipase A1 member A (EC 3.1.1.111),4.0,lipase,Pongo abelii (Sumatran orangutan) (Pongo pygmaeus abelii),163
Q8VI78,Mus musculus (Mouse),456,,3.1.1.111,Phospholipase A1 member A (EC 3.1.1.111) (Phosphatidylserine-specific phospholipase A1) (PS-PLA1),4.0,lipase,Mus musculus (Mouse),163
Q5XG92,Homo sapiens (Human),561,,3.1.1.-,Carboxylesterase 4A (EC 3.1.1.-),4.0,lipase,Homo sapiens (Human),218
Q8R164,Mus musculus (Mouse),291,,3.1.-.-,Serine hydrolase BPHL (EC 3.1.-.-) (Biphenyl hydrolase-like protein) (L-homocysteine-thiolactonase BPHL) (Valacyclovir hydrolase) (VACVase) (Valacyclovirase),4.0,lipase,Mus musculus (Mouse),136
P50903,Cavia porcellus (Guinea pig),465,,3.1.1.3,Pancreatic triacylglycerol lipase (PL) (PTL) (Pancreatic lipase) (EC 3.1.1.3),4.0,lipase,Cavia porcellus (Guinea pig),166
Q9UKY3,Homo sapiens (Human),287,,,Putative inactive carboxylesterase 4 (Inactive carboxylesterase 1 pseudogene 1) (Placental carboxylesterase 3) (PCE-3),4.0,lipase,Homo sapiens (Human),219
Q9SJI7,Arabidopsis thaliana (Mouse-ear cress),412,,3.1.1.-,Phospholipase A1-IIdelta (EC 3.1.1.-),4.0,lipase,Arabidopsis thaliana (Mouse-ear cress),235
Q9P8W5,Candida albicans (strain SC5314 / ATCC MYA-2876) (Yeast),466,,3.1.1.3,Lipase 2 (EC 3.1.1.3),4.0,lipase,Candida albicans (strain SC5314 / ATCC MYA-2876) (Yeast),193
Q9P8V9,Candida albicans (strain SC5314 / ATCC MYA-2876) (Yeast),460,,3.1.1.3,Lipase 8 (EC 3.1.1.3),4.0,lipase,Candida albicans (strain SC5314 / ATCC MYA-2876) (Yeast),191
Q9MV14,Citrus sinensis (Sweet orange) (Citrus aurantium var. sinensis),329,,3.1.1.14,"Chlorophyllase-1, chloroplastic (EC 3.1.1.14) (Chlorophyll-chlorophyllido hydrolase 1) (Chlase 1)",4.0,lipase,Citrus sinensis (Sweet orange) (Citrus aurantium var. sinensis),144
Q9M7I7,Arabidopsis thaliana (Mouse-ear cress),318,,3.1.1.14,Chlorophyllase-2 (AtCLH2) (EC 3.1.1.14) (Chlorophyll-chlorophyllido hydrolase 2) (Chlase 2),4.0,lipase,Arabidopsis thaliana (Mouse-ear cress),135
Q9CPP7,Mus musculus (Mouse),395,,3.1.1.3,Gastric triacylglycerol lipase (GL) (Gastric lipase) (EC 3.1.1.3),4.0,lipase,Mus musculus (Mouse),114
Q93789,Caenorhabditis elegans,405,,3.1.1.-,Lipase lipl-1 (EC 3.1.1.-) (Lipase-like 1),4.0,lipase,Caenorhabditis elegans,166
Q8QZR3,Mus musculus (Mouse),558,,3.1.1.-; 3.1.1.88,Pyrethroid hydrolase Ces2a (EC 3.1.1.88) (Carboxylic ester hydrolase 2A) (EC 3.1.1.-) (carboxylesterase 2A),4.0,lipase,Mus musculus (Mouse),224
Q5XTQ4,Botryotinia fuckeliana (strain B05.10) (Noble rot fungus) (Botrytis cinerea),574,,3.1.1.1,Secreted lipase 1 (Carboxylesterase LIP1) (EC 3.1.1.1),4.0,lipase,Botryotinia fuckeliana (strain B05.10) (Noble rot fungus) (Botrytis cinerea),241
Q8CIV3,Mus musculus (Mouse),451,,3.1.1.-,Lipase member H (EC 3.1.1.-),4.0,lipase,Mus musculus (Mouse),151
Q75EN3,Eremothecium gossypii (strain ATCC 10895 / CBS 109.51 / FGSC 9923 / NRRL Y-1056) (Yeast) (Ashbya gossypii),544,,3.1.1.3,Putative lipase ATG15 (EC 3.1.1.3) (Autophagy-related protein 15),4.0,lipase,Eremothecium gossypii (strain ATCC 10895 / CBS 109.51 / FGSC 9923 / NRRL Y-1056) (Yeast) (Ashbya gossypii),359
Q6NT32,Homo sapiens (Human),575,,3.1.1.1,Carboxylesterase 5A (EC 3.1.1.1) (Carboxylesterase-like urinary excreted protein homolog) (Cauxin),4.0,lipase,Homo sapiens (Human),223
Q6FPI6,Candida glabrata (strain ATCC 2001 / BCRC 20586 / JCM 3761 / NBRC 0622 / NRRL Y-65 / CBS 138) (Yeast) (Nakaseomyces glabratus),504,,3.1.1.3,Putative lipase ATG15 (EC 3.1.1.3) (Autophagy-related protein 15),4.0,lipase,Candida glabrata (strain ATCC 2001 / BCRC 20586 / JCM 3761 / NBRC 0622 / NRRL Y-65 / CBS 138) (Yeast) (Nakaseomyces glabratus),310
Q6CU02,Kluyveromyces lactis (strain ATCC 8585 / CBS 2359 / DSM 70799 / NBRC 1267 / NRRL Y-1140 / WM37) (Yeast) (Candida sphaerica),531,,3.1.1.3,Putative lipase ATG15 (EC 3.1.1.3) (Autophagy-related protein 15),4.0,lipase,Kluyveromyces lactis (strain ATCC 8585 / CBS 2359 / DSM 70799 / NBRC 1267 / NRRL Y-1140 / WM37) (Yeast) (Candida sphaerica),337
Q6C2N7,Yarrowia lipolytica (strain CLIB 122 / E 150) (Yeast) (Candida lipolytica),549,,3.1.1.3,Putative lipase ATG15 (EC 3.1.1.3) (Autophagy-related protein 15),4.0,lipase,Yarrowia lipolytica (strain CLIB 122 / E 150) (Yeast) (Candida lipolytica),328
Q68KK0,Solenopsis invicta (Red imported fire ant) (Solenopsis wagneri),346,,3.1.1.32,Phospholipase A1 (PLA1) (EC 3.1.1.32) (Allergen Sol i I) (Venom allergen 1) (Venom allergen I) (allergen Sol i 1),4.0,lipase,Solenopsis invicta (Red imported fire ant) (Solenopsis wagneri),164
Q63880,Mus musculus (Mouse),571,,3.1.1.1,Carboxylesterase 3A (EC 3.1.1.1) (ES-male) (Liver carboxylesterase 31) (Esterase-31),4.0,lipase,Mus musculus (Mouse),229
Q63010,Rattus norvegicus (Rat),561,,3.1.1.1,Liver carboxylesterase B-1 (EC 3.1.1.1) (Liver microsomal carboxylesterase),4.0,lipase,Rattus norvegicus (Rat),218
P54316,Rattus norvegicus (Rat),473,,,Inactive pancreatic lipase-related protein 1 (PL-RP1),4.0,lipase,Rattus norvegicus (Rat),168
P21927,Oryctolagus cuniculus (Rabbit),581,,3.1.1.8,Cholinesterase (EC 3.1.1.8) (Acylcholine acylhydrolase) (Butyrylcholine esterase) (Choline esterase II) (Pseudocholinesterase),4.0,lipase,Oryctolagus cuniculus (Rabbit),202
P49369,Vespula vulgaris (Yellow jacket) (Wasp),336,,3.1.1.32,Phospholipase A1 (PLA1) (EC 3.1.1.32) (Allergen Ves v I) (allergen Ves v 1),4.0,lipase,Vespula vulgaris (Yellow jacket) (Wasp),170
E1CJK1,Malassezia furfur (Pityriasis versicolor infection agent) (Pityrosporum furfur),542,,3.1.1.-; 3.1.1.3,Secreted triacylglycerol lipase LIP3 (EC 3.1.1.-) (EC 3.1.1.3),4.0,lipase,Malassezia furfur (Pityriasis versicolor infection agent) (Pityrosporum furfur),167
D6WMZ8,Tribolium castaneum (Red flour beetle),588,,3.1.1.59,Juvenile hormone esterase (JHE) (EC 3.1.1.59),4.0,lipase,Tribolium castaneum (Red flour beetle),211
A8QDF0,Malassezia globosa (strain ATCC MYA-4612 / CBS 7966) (Dandruff-associated fungus),453,,3.1.1.-; 3.1.1.3,Secreted triacylglycerol lipase LIP3 (EC 3.1.1.-) (EC 3.1.1.3),4.0,lipase,Malassezia globosa (strain ATCC MYA-4612 / CBS 7966) (Dandruff-associated fungus),194
A8QCW4,Malassezia globosa (strain ATCC MYA-4612 / CBS 7966) (Dandruff-associated fungus),453,,3.1.1.-; 3.1.1.3,Secreted triacylglycerol lipase LIP2 (EC 3.1.1.-) (EC 3.1.1.3),4.0,lipase,Malassezia globosa (strain ATCC MYA-4612 / CBS 7966) (Dandruff-associated fungus),194
A8Q9M3,Malassezia globosa (strain ATCC MYA-4612 / CBS 7966) (Dandruff-associated fungus),572,,3.1.1.-; 3.1.1.3,Secreted triacylglycerol lipase LIP6 (EC 3.1.1.-) (EC 3.1.1.3),4.0,lipase,Malassezia globosa (strain ATCC MYA-4612 / CBS 7966) (Dandruff-associated fungus),199
A8PX35,Malassezia globosa (strain ATCC MYA-4612 / CBS 7966) (Dandruff-associated fungus),455,,3.1.1.-; 3.1.1.3,Secreted triacylglycerol lipase LIP4 (EC 3.1.1.-) (EC 3.1.1.3),4.0,lipase,Malassezia globosa (strain ATCC MYA-4612 / CBS 7966) (Dandruff-associated fungus),194
A8PUY5,Malassezia globosa (strain ATCC MYA-4612 / CBS 7966) (Dandruff-associated fungus),304,,3.1.1.-,Secreted mono- and diacylglycerol lipase MDL2 (EC 3.1.1.-),4.0,lipase,Malassezia globosa (strain ATCC MYA-4612 / CBS 7966) (Dandruff-associated fungus),168
A7TG13,Vanderwaltozyma polyspora (strain ATCC 22028 / DSM 70294 / BCRC 21397 / CBS 2163 / NBRC 10782 / NRRL Y-8283 / UCD 57-17) (Kluyveromyces polysporus),565,,3.1.1.3,Putative lipase ATG15 (EC 3.1.1.3) (Autophagy-related protein 15),4.0,lipase,Vanderwaltozyma polyspora (strain ATCC 22028 / DSM 70294 / BCRC 21397 / CBS 2163 / NBRC 10782 / NRRL Y-8283 / UCD 57-17) (Kluyveromyces polysporus),344
A7KAJ9,Pichia angusta (Yeast) (Hansenula polymorpha),536,,3.1.1.3,Putative lipase ATG15 (EC 3.1.1.3) (Autophagy-related protein 15),4.0,lipase,Pichia angusta (Yeast) (Hansenula polymorpha),306
A5E567,Lodderomyces elongisporus (strain ATCC 11503 / CBS 2605 / JCM 1781 / NBRC 1676 / NRRL YB-4239) (Yeast) (Saccharomyces elongisporus),552,,3.1.1.3,Putative lipase ATG15 (EC 3.1.1.3) (Autophagy-related protein 15),4.0,lipase,Lodderomyces elongisporus (strain ATCC 11503 / CBS 2605 / JCM 1781 / NBRC 1676 / NRRL YB-4239) (Yeast) (Saccharomyces elongisporus),406
G3V7J5,Rattus norvegicus (Rat),567,,3.1.1.-; 3.1.1.88,Pyrethroid hydrolase Ces2e (EC 3.1.1.88) (Carboxylic ester hydrolase) (EC 3.1.1.-),4.0,lipase,Rattus norvegicus (Rat),234
A5DC90,Meyerozyma guilliermondii (strain ATCC 6260 / CBS 566 / DSM 6381 / JCM 1539 / NBRC 10279 / NRRL Y-324) (Yeast) (Candida guilliermondii),566,,3.1.1.3,Putative lipase ATG15 (EC 3.1.1.3) (Autophagy-related protein 15),4.0,lipase,Meyerozyma guilliermondii (strain ATCC 6260 / CBS 566 / DSM 6381 / JCM 1539 / NBRC 10279 / NRRL Y-324) (Yeast) (Candida guilliermondii),363
A0A8R9YVA6,Malassezia restricta (Seborrheic dermatitis infection agent),512,,3.1.1.-; 3.1.1.3,Secreted triacylglycerol lipase LIP5 (EC 3.1.1.-) (EC 3.1.1.3),4.0,lipase,Malassezia restricta (Seborrheic dermatitis infection agent),200
A0A8B0RBM2,Bombus ignitus (Bumblebee),555,,3.1.1.1,Carboxylic ester hydrolase (EC 3.1.1.1) (Venom carboxylesterase) (BivCaE),4.0,lipase,Bombus ignitus (Bumblebee),208
A0A1S3ZP85,Nicotiana tabacum (Common tobacco),572,,3.1.1.-,Triacylglycerol lipase OBL1 (EC 3.1.1.-) (Oil body lipase 1) (NtOBL1),4.0,lipase,Nicotiana tabacum (Common tobacco),390
A0A0M3KKW3,Vespa basalis (Hornet),300,,3.1.1.32,Phospholipase A1 (vPLA1) (EC 3.1.1.32),4.0,lipase,Vespa basalis (Hornet),134
A0A075TXZ3,Penicillium expansum (Blue mold rot fungus),561,,3.1.1.1,Carboxylesterase patB (EC 3.1.1.1) (Patulin biosynthesis cluster protein B),4.0,lipase,Penicillium expansum (Blue mold rot fungus),260
A0A060S684,Mycosarcoma maydis (Corn smut fungus) (Ustilago maydis),585,,3.1.1.42,Chlorogenic acid esterase (EC 3.1.1.42),4.0,lipase,Mycosarcoma maydis (Corn smut fungus) (Ustilago maydis),225
P47982,Drosophila mauritiana (Fruit fly),542,,3.1.1.1,Esterase 6 (Est-6) (EC 3.1.1.1) (Carboxylic-ester hydrolase 6) (Carboxylesterase-6),4.0,lipase,Drosophila mauritiana (Fruit fly),204
E1CJK2,Malassezia furfur (Pityriasis versicolor infection agent) (Pityrosporum furfur),526,,3.1.1.-; 3.1.1.3,Secreted triacylglycerol lipase LIP4 (EC 3.1.1.-) (EC 3.1.1.3),4.0,lipase,Malassezia furfur (Pityriasis versicolor infection agent) (Pityrosporum furfur),160
A6REI4,Ajellomyces capsulatus (strain NAm1 / WU24) (Darling's disease fungus) (Histoplasma capsulatum),585,,3.1.1.3,Putative lipase ATG15 (EC 3.1.1.3) (Autophagy-related protein 15),4.0,lipase,Ajellomyces capsulatus (strain NAm1 / WU24) (Darling's disease fungus) (Histoplasma capsulatum),288
I1RLL3,Gibberella zeae (strain ATCC MYA-4620 / CBS 123657 / FGSC 9075 / NRRL 31084 / PH-1) (Wheat head blight fungus) (Fusarium graminearum),317,,3.1.1.-,Secreted mono- and diacylglycerol lipase 3 (EC 3.1.1.-),4.0,lipase,Gibberella zeae (strain ATCC MYA-4620 / CBS 123657 / FGSC 9075 / NRRL 31084 / PH-1) (Wheat head blight fungus) (Fusarium graminearum),172
O94305,Schizosaccharomyces pombe (strain 972 / ATCC 24843) (Fission yeast),378,,3.1.1.23,Putative monoglyceride lipase (MGL) (EC 3.1.1.23) (Fatty acid ethyl ester hydrolase) (FAEE hydrolase) (Monoacylglycerol hydrolase) (MAG hydrolase) (MGH) (Monoacylglycerol lipase) (MAG lipase) (MAGL),4.0,lipase,Schizosaccharomyces pombe (strain 972 / ATCC 24843) (Fission yeast),96
P37967,Bacillus subtilis (strain 168),489,,3.1.1.-,Para-nitrobenzyl esterase (EC 3.1.1.-) (Intracellular esterase B) (PNB carboxy-esterase) (PNBCE),4.0,lipase,Bacillus subtilis (strain 168),186
I1RPD9,Gibberella zeae (strain ATCC MYA-4620 / CBS 123657 / FGSC 9075 / NRRL 31084 / PH-1) (Wheat head blight fungus) (Fusarium graminearum),349,,3.1.1.-,Secreted mono- and diacylglycerol lipase 1 (EC 3.1.1.-),4.0,lipase,Gibberella zeae (strain ATCC MYA-4620 / CBS 123657 / FGSC 9075 / NRRL 31084 / PH-1) (Wheat head blight fungus) (Fusarium graminearum),171
P25725,Drosophila pseudoobscura pseudoobscura (Fruit fly),545,,3.1.1.1,Esterase-5C (Est-5C) (EC 3.1.1.1) (Carboxylic-ester hydrolase 5C) (Carboxylesterase-5C),4.0,lipase,Drosophila pseudoobscura pseudoobscura (Fruit fly),204
P21837,Dictyostelium discoideum (Social amoeba),550,,,Crystal protein,4.0,lipase,Dictyostelium discoideum (Social amoeba),212
P18167,Drosophila melanogaster (Fruit fly),544,,3.1.1.1,Esterase P (Est-P) (EC 3.1.1.1) (Carboxylic-ester hydrolase P) (Carboxylesterase-P),4.0,lipase,Drosophila melanogaster (Fruit fly),203
P0CO61,Cryptococcus deneoformans (strain B-3501A) (Cryptococcus neoformans var. neoformans serotype D),519,,3.1.1.3,Putative lipase ATG15 (EC 3.1.1.3) (Autophagy-related protein 15),4.0,lipase,Cryptococcus deneoformans (strain B-3501A) (Cryptococcus neoformans var. neoformans serotype D),228
P08658,Pseudomonas fragi,293,,3.1.1.3,Triacylglycerol lipase (EC 3.1.1.3) (Cold-adapted lipase) (Extracellular lipase) (Triacylglycerol ester hydrolase),4.0,lipase,Pseudomonas fragi,80
P12337,Oryctolagus cuniculus (Rabbit),565,,3.1.1.1,Liver carboxylesterase 1 (EC 3.1.1.1) (Acyl-coenzyme A:cholesterol acyltransferase),4.0,lipase,Oryctolagus cuniculus (Rabbit),218
O74430,Schizosaccharomyces pombe (strain 972 / ATCC 24843) (Fission yeast),467,,3.1.1.-,Probable lipase C1672.09 (EC 3.1.1.-),4.0,lipase,Schizosaccharomyces pombe (strain 972 / ATCC 24843) (Fission yeast),219
O59952,Thermomyces lanuginosus (Thermophilic fungus) (Humicola lanuginosa),291,,3.1.1.3,Lipase (EC 3.1.1.3) (Triacylglycerol lipase),4.0,lipase,Thermomyces lanuginosus (Thermophilic fungus) (Humicola lanuginosa),165
J3RZ81,Crotalus adamanteus (Eastern diamondback rattlesnake),497,,3.1.1.3,Putative endothelial lipase (EC 3.1.1.3),4.0,lipase,Crotalus adamanteus (Eastern diamondback rattlesnake),175
O46107,Drosophila melanogaster (Fruit fly),439,,3.1.1.-,Lipase 1 (DmLip1) (EC 3.1.1.-),4.0,lipase,Drosophila melanogaster (Fruit fly),194
O23522,Arabidopsis thaliana (Mouse-ear cress),517,,3.1.1.-,"Phospholipase A1-Ibeta2, chloroplastic (EC 3.1.1.-)",4.0,lipase,Arabidopsis thaliana (Mouse-ear cress),324
O16956,Caenorhabditis elegans,404,,3.1.1.-,Lipase lipl-3 (EC 3.1.1.-) (Lipase-like 3),4.0,lipase,Caenorhabditis elegans,165
O13934,Schizosaccharomyces pombe (strain 972 / ATCC 24843) (Fission yeast),424,,3.1.1.3,Putative lipase atg15 (EC 3.1.1.3) (Autophagy-related protein 15),4.0,lipase,Schizosaccharomyces pombe (strain 972 / ATCC 24843) (Fission yeast),280
O94091,Candida albicans (strain SC5314 / ATCC MYA-2876) (Yeast),468,,3.1.1.3,Lipase 1 (EC 3.1.1.3),4.0,lipase,Candida albicans (strain SC5314 / ATCC MYA-2876) (Yeast),193
O05527,Delftia acidovorans (Pseudomonas acidovorans) (Comamonas acidovorans),494,,3.1.1.75,Poly(3-hydroxybutyrate) depolymerase (P(3HB) depolymerase) (EC 3.1.1.75) (Polyhydroxybutyrate depolymerase) (PHB depolymerase),4.0,lipase,Delftia acidovorans (Pseudomonas acidovorans) (Comamonas acidovorans),42
Q641F6,Xenopus laevis (African clawed frog),460,,3.1.1.-,Lipase member H-B (EC 3.1.1.-),3.0,lipase,Xenopus laevis (African clawed frog),160
Q5E9H0,Bos taurus (Bovine),456,,3.1.1.111,Phospholipase A1 member A (EC 3.1.1.111),3.0,lipase,Bos taurus (Bovine),163
Q07085,Caenorhabditis elegans,554,,3.1.1.1,Esterase cest-33 (EC 3.1.1.1) (Carboxyl esterase domain containing 33),3.0,lipase,Caenorhabditis elegans,205
Q22943,Caenorhabditis elegans,388,,3.1.1.47,Platelet-activating factor acetylhydrolase homolog 2 (EC 3.1.1.47),3.0,lipase,Caenorhabditis elegans,235
Q32PY2,Rattus norvegicus (Rat),451,,3.1.1.-,Lipase member H (EC 3.1.1.-),3.0,lipase,Rattus norvegicus (Rat),151
Q5VKJ7,Ricinus communis (Castor bean),526,,3.1.1.3,Triacylglycerol lipase OBL1 (EC 3.1.1.3) (Oil body lipase 1) (RcOBL1) (Triacylglycerol acidic lipase OBL1),3.0,lipase,Ricinus communis (Castor bean),337
Q5GRG2,Rattus norvegicus (Rat),575,,3.1.1.1,Carboxylesterase 5A (EC 3.1.1.1) (Carboxylesterase-like urinary excreted protein homolog) (Cauxin) (Epididymis-specific gene 615 protein),3.0,lipase,Rattus norvegicus (Rat),223
Q5RCL7,Pongo abelii (Sumatran orangutan) (Pongo pygmaeus abelii),569,,3.1.1.1,Carboxylesterase 3 (EC 3.1.1.1) (Liver carboxylesterase 31 homolog),3.0,lipase,Pongo abelii (Sumatran orangutan) (Pongo pygmaeus abelii),224
Q5XGE9,Xenopus tropicalis (Western clawed frog) (Silurana tropicalis),460,,3.1.1.-,Lipase member H (EC 3.1.1.-),3.0,lipase,Xenopus tropicalis (Western clawed frog) (Silurana tropicalis),160
Q04791,Anas platyrhynchos (Mallard) (Anas boschas),557,,3.1.2.-,"Fatty acyl-CoA hydrolase precursor, medium chain (EC 3.1.2.-) (Thioesterase B)",3.0,lipase,Anas platyrhynchos (Mallard) (Anas boschas),224
Q06174,Geobacillus stearothermophilus (Bacillus stearothermophilus),246,,3.1.1.1,Carboxylesterase (EC 3.1.1.1),3.0,lipase,Geobacillus stearothermophilus (Bacillus stearothermophilus),90
P32947,Diutina rugosa (Yeast) (Candida rugosa),549,,3.1.1.3,Lipase 3 (EC 3.1.1.3) (Cholesterol esterase),3.0,lipase,Diutina rugosa (Yeast) (Candida rugosa),221
Q04456,Caenorhabditis briggsae,562,,3.1.1.1,Gut esterase 1 (EC 3.1.1.1) (Non-specific carboxylesterase),3.0,lipase,Caenorhabditis briggsae,196
Q01470,Pseudarthrobacter oxydans (Arthrobacter oxydans),493,,3.1.1.-,Phenmedipham hydrolase (EC 3.1.1.-) (Phenylcarbamate hydrolase),3.0,lipase,Pseudarthrobacter oxydans (Arthrobacter oxydans),185
P86325,Thermobifida fusca (Thermomonospora fusca),497,,3.1.1.1,Carboxylesterase (EC 3.1.1.1),3.0,lipase,Thermobifida fusca (Thermomonospora fusca),182
P78898,Schizosaccharomyces pombe (strain 972 / ATCC 24843) (Fission yeast),443,,3.1.1.-,Probable lipase C16A3.12c (EC 3.1.1.-),3.0,lipase,Schizosaccharomyces pombe (strain 972 / ATCC 24843) (Fission yeast),207
P53357,Dolichovespula maculata (Bald-faced hornet) (Vespula maculata),303,,3.1.1.32,Phospholipase A1 2 (PLA1 2) (EC 3.1.1.32) (Allergen Dol m 1) (allergen Dol m 1),3.0,lipase,Dolichovespula maculata (Bald-faced hornet) (Vespula maculata),137
P52090,Paucimonas lemoignei (Pseudomonas lemoignei),414,,3.1.1.-,Poly(3-hydroxyalkanoate) depolymerase C (PHA depolymerase) (EC 3.1.1.-) (PHB depolymerase),3.0,lipase,Paucimonas lemoignei (Pseudomonas lemoignei),151
P51528,Vespula maculifrons (Eastern yellow jacket) (Wasp),300,,3.1.1.32,Phospholipase A1 (PLA1) (EC 3.1.1.32) (Allergen Ves m I) (allergen Ves m 1),3.0,lipase,Vespula maculifrons (Eastern yellow jacket) (Wasp),134
P35502,Myzus persicae (Green peach aphid) (Aphis persicae),564,,3.1.1.1,Esterase FE4 (EC 3.1.1.1) (Carboxylic-ester hydrolase),3.0,lipase,Myzus persicae (Green peach aphid) (Aphis persicae),211
P35501,Myzus persicae (Green peach aphid) (Aphis persicae),552,,3.1.1.1,Esterase E4 (EC 3.1.1.1) (Carboxylic-ester hydrolase),3.0,lipase,Myzus persicae (Green peach aphid) (Aphis persicae),211
P32946,Diutina rugosa (Yeast) (Candida rugosa),548,,3.1.1.3,Lipase 2 (EC 3.1.1.3),3.0,lipase,Diutina rugosa (Yeast) (Candida rugosa),220
P27878,Ceratitis capitata (Mediterranean fruit fly) (Tephritis capitata),437,,,Vitellogenin-1 (Vitellogenin I) (Yolk protein 1),3.0,lipase,Ceratitis capitata (Mediterranean fruit fly) (Tephritis capitata),173
Q67ZU1,Arabidopsis thaliana (Mouse-ear cress),418,,3.1.1.3,Triacylglycerol lipase 2 (EC 3.1.1.3),3.0,lipase,Arabidopsis thaliana (Mouse-ear cress),187
Q64419,Mesocricetus auratus (Golden hamster),561,,3.1.1.1,Liver carboxylesterase (EC 3.1.1.1),3.0,lipase,Mesocricetus auratus (Golden hamster),224
Q9U6W0,Polistes annularis (Paper wasp),301,,3.1.1.32,Phospholipase A1 (PLA1) (EC 3.1.1.32) (allergen Pol a 1),3.0,lipase,Polistes annularis (Paper wasp),135
Q6AW46,Mus musculus (Mouse),575,,3.1.1.1,Carboxylesterase 5A (EC 3.1.1.1) (Carboxylesterase-like urinary excreted protein homolog) (Cauxin),3.0,lipase,Mus musculus (Mouse),223
Q6AW47,Canis lupus familiaris (Dog) (Canis familiaris),575,,3.1.1.1,Carboxylesterase 5A (EC 3.1.1.1) (Carboxylesterase-like urinary excreted protein homolog) (Cauxin),3.0,lipase,Canis lupus familiaris (Dog) (Canis familiaris),223
W7MSI0,Gibberella moniliformis (strain M3125 / FGSC 7600) (Maize ear and stalk rot fungus) (Fusarium verticillioides),546,,3.1.1.1,Carboxylic ester hydrolase FVEG_12634 (EC 3.1.1.1) (Fusarium detoxification of benzoxazolinone cluster 2 protein FVEG_12634) (FDB2 cluster protein FVEG_12634),3.0,lipase,Gibberella moniliformis (strain M3125 / FGSC 7600) (Maize ear and stalk rot fungus) (Fusarium verticillioides),211
W4VSJ0,Trittame loki (Brush-footed trapdoor spider),559,,3.1.1.7,Acetylcholinesterase-1 (AChE) (EC 3.1.1.7),3.0,lipase,Trittame loki (Brush-footed trapdoor spider),220
Q9XTR8,Caenorhabditis elegans,353,,3.1.1.-,Lipase ZK262.3 (EC 3.1.1.-),3.0,lipase,Caenorhabditis elegans,160
P26495,Ectopseudomonas oleovorans (Pseudomonas oleovorans),283,,3.1.1.-,Poly(3-hydroxyalkanoate) depolymerase (PHA depolymerase) (EC 3.1.1.-) (ORF2) (PHB depolymerase),3.0,lipase,Ectopseudomonas oleovorans (Pseudomonas oleovorans),99
Q9P8W2,Candida albicans (strain SC5314 / ATCC MYA-2876) (Yeast),471,,3.1.1.3,Lipase 3 (EC 3.1.1.3),3.0,lipase,Candida albicans (strain SC5314 / ATCC MYA-2876) (Yeast),193
Q9P8W1,Candida albicans (strain SC5314 / ATCC MYA-2876) (Yeast),459,,3.1.1.3,Lipase 4 (EC 3.1.1.3),3.0,lipase,Candida albicans (strain SC5314 / ATCC MYA-2876) (Yeast),191
Q9P4E8,Candida albicans (strain SC5314 / ATCC MYA-2876) (Yeast),463,,3.1.1.3,Lipase 6 (EC 3.1.1.3),3.0,lipase,Candida albicans (strain SC5314 / ATCC MYA-2876) (Yeast),193
Q9P4E7,Candida albicans (strain SC5314 / ATCC MYA-2876) (Yeast),426,,3.1.1.3,Lipase 7 (EC 3.1.1.3),3.0,lipase,Candida albicans (strain SC5314 / ATCC MYA-2876) (Yeast),187
Q9P4E6,Candida albicans (strain SC5314 / ATCC MYA-2876) (Yeast),453,,3.1.1.3,Lipase 9 (EC 3.1.1.3),3.0,lipase,Candida albicans (strain SC5314 / ATCC MYA-2876) (Yeast),191
Q9P4E5,Candida albicans (strain SC5314 / ATCC MYA-2876) (Yeast),465,,3.1.1.3,Lipase 10 (EC 3.1.1.3),3.0,lipase,Candida albicans (strain SC5314 / ATCC MYA-2876) (Yeast),193
Q9HE20,Fusarium solani (Filamentous fungus),333,,3.1.1.-,Secreted mono- and diacylglycerol lipase 1 (EC 3.1.1.-),3.0,lipase,Fusarium solani (Filamentous fungus),173
Q9C1B9,Fusarium sporotrichioides,447,,3.1.1.-,Trichothecene C-3 esterase (EC 3.1.1.-) (Core trichothecene cluster (CTC) protein 8),3.0,lipase,Fusarium sporotrichioides,199
Q9BDJ4,Oryctolagus cuniculus (Rabbit),452,,3.1.1.-,Lipase member H (EC 3.1.1.-) (Lacrimal lipase),3.0,lipase,Oryctolagus cuniculus (Rabbit),151
Q90678,Gallus gallus (Chicken),422,,3.1.1.47,Platelet-activating factor acetylhydrolase (PAF acetylhydrolase) (EC 3.1.1.47) (1-alkyl-2-acetylglycerophosphocholine esterase) (2-acetyl-1-alkylglycerophosphocholine esterase) (LDL-associated phospholipase A2) (LDL-PLA(2)) (PAF 2-acylhydrolase),3.0,lipase,Gallus gallus (Chicken),263
Q8VCU1,Mus musculus (Mouse),571,,3.1.1.1,Carboxylesterase 3B (EC 3.1.1.1) (Liver carboxylesterase 31-like),3.0,lipase,Mus musculus (Mouse),229
Q8R0W5,Mus musculus (Mouse),563,,3.1.1.-,Carboxylesterase 4A (EC 3.1.1.-),3.0,lipase,Mus musculus (Mouse),225
Q8K2A6,Mus musculus (Mouse),422,,3.1.1.-,Lipase member M (EC 3.1.1.-) (Lipase-like abhydrolase domain-containing protein 3),3.0,lipase,Mus musculus (Mouse),129
Q8BM14,Mus musculus (Mouse),398,,3.1.1.-,Lipase member K (EC 3.1.1.-) (Lipase-like abhydrolase domain-containing protein 2),3.0,lipase,Mus musculus (Mouse),114
Q6Q252,Polistes dominula (European paper wasp) (Vespa dominula),337,,3.1.1.32,Phospholipase A1 1 (PLA1 1) (EC 3.1.1.32) (allergen Pol d 1),3.0,lipase,Polistes dominula (European paper wasp) (Vespa dominula),171
Q6PA23,Xenopus laevis (African clawed frog),460,,3.1.1.-,Lipase member H-A (EC 3.1.1.-),3.0,lipase,Xenopus laevis (African clawed frog),160
Q6NYZ4,Danio rerio (Zebrafish) (Brachydanio rerio),456,,3.1.1.-,Phospholipase A1 member A (EC 3.1.1.-),3.0,lipase,Danio rerio (Zebrafish) (Brachydanio rerio),166
Q6DBU8,Danio rerio (Zebrafish) (Brachydanio rerio),454,,3.1.1.-,Lipase member H (EC 3.1.1.-),3.0,lipase,Danio rerio (Zebrafish) (Brachydanio rerio),158
P26504,Pseudomonas fluorescens,449,,3.1.1.3,Lipase (EC 3.1.1.3) (Triacylglycerol lipase),3.0,lipase,Pseudomonas fluorescens,203
O60095,Schizosaccharomyces pombe (strain 972 / ATCC 24843) (Fission yeast),460,,3.1.1.-,Probable lipase C14C8.15 (EC 3.1.1.-),3.0,lipase,Schizosaccharomyces pombe (strain 972 / ATCC 24843) (Fission yeast),211
P26174,Rhodobacter capsulatus (Rhodopseudomonas capsulata),284,,6.6.1.1,Magnesium-chelatase 30 kDa subunit (EC 6.6.1.1) (Mg-protoporphyrin IX chelatase),3.0,lipase,Rhodobacter capsulatus (Rhodopseudomonas capsulata),108
I1RDA9,Gibberella zeae (strain ATCC MYA-4620 / CBS 123657 / FGSC 9075 / NRRL 31084 / PH-1) (Wheat head blight fungus) (Fusarium graminearum),588,,3.1.1.3,Secreted triacylglycerol lipase LIP1 (EC 3.1.1.3),3.0,lipase,Gibberella zeae (strain ATCC MYA-4620 / CBS 123657 / FGSC 9075 / NRRL 31084 / PH-1) (Wheat head blight fungus) (Fusarium graminearum),63
E1CJK0,Malassezia furfur (Pityriasis versicolor infection agent) (Pityrosporum furfur),468,,3.1.1.-; 3.1.1.3,Secreted triacylglycerol lipase LIP2 (EC 3.1.1.-) (EC 3.1.1.3),3.0,lipase,Malassezia furfur (Pityriasis versicolor infection agent) (Pityrosporum furfur),206
D4B1N9,Arthroderma benhamiae (strain ATCC MYA-4681 / CBS 112371) (Trichophyton mentagrophytes),564,,3.1.1.3,Probable secreted lipase ARB_02369 (EC 3.1.1.3),3.0,lipase,Arthroderma benhamiae (strain ATCC MYA-4681 / CBS 112371) (Trichophyton mentagrophytes),232
D4AX63,Arthroderma benhamiae (strain ATCC MYA-4681 / CBS 112371) (Trichophyton mentagrophytes),469,,3.1.1.3,Lipase A (EC 3.1.1.3),3.0,lipase,Arthroderma benhamiae (strain ATCC MYA-4681 / CBS 112371) (Trichophyton mentagrophytes),214
C0HLL3,Vespa velutina (Asian yellow-legged hornet),304,,3.1.1.32,Phospholipase A1 (PLA1) (EC 3.1.1.32) (Vesp v 1),3.0,lipase,Vespa velutina (Asian yellow-legged hornet),137
P25275,Pseudomonas sp. (strain KWI-56),364,,3.1.1.3,Triacylglycerol lipase (EC 3.1.1.3) (Extracellular lipase) (Triacylglycerol ester hydrolase),3.0,lipase,Pseudomonas sp. (strain KWI-56),128
A8QCV7,Malassezia globosa (strain ATCC MYA-4612 / CBS 7966) (Dandruff-associated fungus),475,,3.1.1.-; 3.1.1.3,Secreted triacylglycerol lipase LIP5 (EC 3.1.1.-) (EC 3.1.1.3),3.0,lipase,Malassezia globosa (strain ATCC MYA-4612 / CBS 7966) (Dandruff-associated fungus),210
A8QCV4,Malassezia globosa (strain ATCC MYA-4612 / CBS 7966) (Dandruff-associated fungus),468,,3.1.1.-; 3.1.1.3,Secreted triacylglycerol lipase LIP7 (EC 3.1.1.-) (EC 3.1.1.3),3.0,lipase,Malassezia globosa (strain ATCC MYA-4612 / CBS 7966) (Dandruff-associated fungus),206
A8QB34,Malassezia globosa (strain ATCC MYA-4612 / CBS 7966) (Dandruff-associated fungus),302,,3.1.1.-,Secreted mono- and diacylglycerol lipase MDL6 (EC 3.1.1.-),3.0,lipase,Malassezia globosa (strain ATCC MYA-4612 / CBS 7966) (Dandruff-associated fungus),164
A8PX55,Malassezia globosa (strain ATCC MYA-4612 / CBS 7966) (Dandruff-associated fungus),313,,3.1.1.-,Secreted mono- and diacylglycerol lipase MDL5 (EC 3.1.1.-),3.0,lipase,Malassezia globosa (strain ATCC MYA-4612 / CBS 7966) (Dandruff-associated fungus),177
A8PUY7,Malassezia globosa (strain ATCC MYA-4612 / CBS 7966) (Dandruff-associated fungus),304,,3.1.1.-,Secreted mono- and diacylglycerol lipase MDL4 (EC 3.1.1.-),3.0,lipase,Malassezia globosa (strain ATCC MYA-4612 / CBS 7966) (Dandruff-associated fungus),168
A8PUY3,Malassezia globosa (strain ATCC MYA-4612 / CBS 7966) (Dandruff-associated fungus),304,,3.1.1.-,Secreted mono- and diacylglycerol lipase MDL3 (EC 3.1.1.-),3.0,lipase,Malassezia globosa (strain ATCC MYA-4612 / CBS 7966) (Dandruff-associated fungus),168
A7YN26,Aspergillus niger,512,,3.1.1.42,Chlorogenic acid esterase (EC 3.1.1.42) (Chlorogenic acid hydrolase) (CGA hydrolase),3.0,lipase,Aspergillus niger,227
A2QGD9,Aspergillus niger (strain ATCC MYA-4892 / CBS 513.88 / FGSC A1513),595,,3.1.1.3,Putative lipase atg15 (EC 3.1.1.3) (Autophagy-related protein 15),3.0,lipase,Aspergillus niger (strain ATCC MYA-4892 / CBS 513.88 / FGSC A1513),316
A1CFK9,Aspergillus clavatus (strain ATCC 1007 / CBS 513.65 / DSM 816 / NCTC 3887 / NRRL 1 / QM 1276 / 107),555,,3.1.1.1,Carboxylesterase patB (EC 3.1.1.1) (Patulin synthesis protein B),3.0,lipase,Aspergillus clavatus (strain ATCC 1007 / CBS 513.65 / DSM 816 / NCTC 3887 / NRRL 1 / QM 1276 / 107),255
A0A8R9Z5V5,Malassezia restricta (Seborrheic dermatitis infection agent),300,,3.1.1.-,Secreted mono- and diacylglycerol lipase LIP4 (EC 3.1.1.-),3.0,lipase,Malassezia restricta (Seborrheic dermatitis infection agent),164
A0A8R9Z3C6,Malassezia restricta (Seborrheic dermatitis infection agent),315,,3.1.1.-,Secreted mono- and diacylglycerol lipase LIP2 (EC 3.1.1.-),3.0,lipase,Malassezia restricta (Seborrheic dermatitis infection agent),179
A0A8R9YZM7,Malassezia restricta (Seborrheic dermatitis infection agent),469,,3.1.1.-; 3.1.1.3,Secreted triacylglycerol lipase LIP3 (EC 3.1.1.-) (EC 3.1.1.3),3.0,lipase,Malassezia restricta (Seborrheic dermatitis infection agent),202
A0A443HK52,Byssochlamys spectabilis (Paecilomyces variotii),583,,,Inactive carboxylesterase-like protein VdtD (Viriditoxin biosynthesis cluster protein D),3.0,lipase,Byssochlamys spectabilis (Paecilomyces variotii),140
A0A3G2S8R6,Malassezia restricta (strain ATCC 96810 / NBRC 103918 / CBS 7877) (Seborrheic dermatitis infection agent),303,,3.1.1.-,Secreted mono- and diacylglycerol lipase LIP4 (EC 3.1.1.-),3.0,lipase,Malassezia restricta (strain ATCC 96810 / NBRC 103918 / CBS 7877) (Seborrheic dermatitis infection agent),164
A0A1L9X9H4,Aspergillus aculeatus (strain ATCC 16872 / CBS 172.66 / WB 5094),524,,3.1.1.-,Carboxylesterase aacG (EC 3.1.1.-) (Aspkyncin biosynthesis cluster protein G),3.0,lipase,Aspergillus aculeatus (strain ATCC 16872 / CBS 172.66 / WB 5094),203
I1RCD3,Gibberella zeae (strain ATCC MYA-4620 / CBS 123657 / FGSC 9075 / NRRL 31084 / PH-1) (Wheat head blight fungus) (Fusarium graminearum),408,,3.1.1.-,Secreted mono- and diacylglycerol lipase 2 (EC 3.1.1.-),3.0,lipase,Gibberella zeae (strain ATCC MYA-4620 / CBS 123657 / FGSC 9075 / NRRL 31084 / PH-1) (Wheat head blight fungus) (Fusarium graminearum),214
B2D0J5,Apis mellifera (Honeybee),557,,3.1.1.1,Venom carboxylesterase-6 (EC 3.1.1.1) (allergen Api m 8),3.0,lipase,Apis mellifera (Honeybee),209
I1RHF8,Gibberella zeae (strain ATCC MYA-4620 / CBS 123657 / FGSC 9075 / NRRL 31084 / PH-1) (Wheat head blight fungus) (Fusarium graminearum),556,,3.1.1.1,Secreted lipase 4 (EC 3.1.1.1),3.0,lipase,Gibberella zeae (strain ATCC MYA-4620 / CBS 123657 / FGSC 9075 / NRRL 31084 / PH-1) (Wheat head blight fungus) (Fusarium graminearum),221
P0CH86,Vespula squamosa (Southern yellow jacket) (Wasp),298,,3.1.1.32,Phospholipase A1 (PLA1) (EC 3.1.1.32) (allergen Ves s 1),3.0,lipase,Vespula squamosa (Southern yellow jacket) (Wasp),131
P24640,Moraxella sp. (strain TA144),315,,3.1.1.3,Lipase 3 (EC 3.1.1.3) (Triacylglycerol lipase),3.0,lipase,Moraxella sp. (strain TA144),139
P20261,Diutina rugosa (Yeast) (Candida rugosa),549,,3.1.1.3,Lipase 1 (EC 3.1.1.3),3.0,lipase,Diutina rugosa (Yeast) (Candida rugosa),221
P19515,Rhizomucor miehei,363,,3.1.1.3,Lipase (EC 3.1.1.3) (Triacylglycerol lipase),3.0,lipase,Rhizomucor miehei,235
P18142,Dictyostelium discoideum (Social amoeba),535,,,cAMP-regulated D2 protein,3.0,lipase,Dictyostelium discoideum (Social amoeba),210
P16854,Culex pipiens (House mosquito),540,,3.1.1.1,Esterase B1 (EC 3.1.1.1),3.0,lipase,Culex pipiens (House mosquito),188
I1RIF1,Gibberella zeae (strain ATCC MYA-4620 / CBS 123657 / FGSC 9075 / NRRL 31084 / PH-1) (Wheat head blight fungus) (Fusarium graminearum),535,,3.1.1.1,Secreted lipase 5 (EC 3.1.1.1),3.0,lipase,Gibberella zeae (strain ATCC MYA-4620 / CBS 123657 / FGSC 9075 / NRRL 31084 / PH-1) (Wheat head blight fungus) (Fusarium graminearum),156
P12625,Ralstonia pickettii (Burkholderia pickettii),488,,3.1.1.75,Poly(3-hydroxybutyrate) depolymerase (PHB depolymerase) (EC 3.1.1.75),3.0,lipase,Ralstonia pickettii (Burkholderia pickettii),163
P0DSI2,Dinoponera quadriceps (South American ant),379,,3.1.1.32,Phospholipase A1 (PLA1) (EC 3.1.1.32) (Venom allergen 1),3.0,lipase,Dinoponera quadriceps (South American ant),201
P0DPT0,Vespa tropica (Greater banded hornet) (Sphex tropica),301,,3.1.1.32,Phospholipase A1 VesT1.02 (EC 3.1.1.32),3.0,lipase,Vespa tropica (Greater banded hornet) (Sphex tropica),134
P0CH87,Vespa crabro (European hornet),301,,3.1.1.32,Phospholipase A1 (PLA1) (EC 3.1.1.32) (allergen Vesp c 1),3.0,lipase,Vespa crabro (European hornet),134
P12992,Heliothis virescens (Tobacco budworm moth),564,,3.1.1.59,Juvenile hormone esterase (JH esterase) (EC 3.1.1.59),3.0,lipase,Heliothis virescens (Tobacco budworm moth),217
P0CH47,Vespa magnifica (Hornet),337,,3.1.1.32,Probable phospholipase A1 magnifin (PLA1) (EC 3.1.1.32),3.0,lipase,Vespa magnifica (Hornet),170
P0C6R3,Bos taurus (Bovine),550,,3.1.1.-,Carboxylesterase 4A (EC 3.1.1.-),3.0,lipase,Bos taurus (Bovine),218
J3SDX8,Crotalus adamanteus (Eastern diamondback rattlesnake),400,,3.1.1.13,Putative lysosomal acid lipase/cholesteryl ester hydrolase (Acid cholesteryl ester hydrolase) (LAL) (EC 3.1.1.13) (Cholesteryl esterase) (Lipase A) (Sterol esterase),3.0,lipase,Crotalus adamanteus (Eastern diamondback rattlesnake),115
O16168,Drosophila miranda (Fruit fly),555,,3.1.1.1,Esterase-5A (Est-5A) (EC 3.1.1.1) (Carboxylic-ester hydrolase 5A) (Carboxylesterase-5A),3.0,lipase,Drosophila miranda (Fruit fly),207
O16172,Drosophila persimilis (Fruit fly),545,,3.1.1.1,Esterase-5B (Est-5B) (EC 3.1.1.1) (Carboxylic-ester hydrolase 5B) (Carboxylesterase-5B),3.0,lipase,Drosophila persimilis (Fruit fly),204
O32232,Bacillus subtilis (strain 168),246,,3.1.1.1,Carboxylesterase (EC 3.1.1.1),3.0,lipase,Bacillus subtilis (strain 168),90
O46108,Drosophila melanogaster (Fruit fly),394,,3.1.1.-,Lipase 3 (DmLip3) (EC 3.1.1.-),3.0,lipase,Drosophila melanogaster (Fruit fly),161
A2ZW16,Oryza sativa subsp. japonica (Rice),393,,3.1.1.-,Phospholipase A1-II 1 (EC 3.1.1.-),2.0,lipase,Oryza sativa subsp. japonica (Rice),222
D4AZ78,Arthroderma benhamiae (strain ATCC MYA-4681 / CBS 112371) (Trichophyton mentagrophytes),507,,3.1.1.3,Secreted lipase ARB_01498 (EC 3.1.1.3),2.0,lipase,Arthroderma benhamiae (strain ATCC MYA-4681 / CBS 112371) (Trichophyton mentagrophytes),107
D4ASH1,Arthroderma benhamiae (strain ATCC MYA-4681 / CBS 112371) (Trichophyton mentagrophytes),563,,3.1.1.3,Secreted lipase ARB07186/07185 (EC 3.1.1.3),2.0,lipase,Arthroderma benhamiae (strain ATCC MYA-4681 / CBS 112371) (Trichophyton mentagrophytes),212
D2D3B6,Sphingopyxis macrogoltabida (Sphingomonas macrogoltabidus),540,,3.1.1.87,Fumonisin B1 esterase (EC 3.1.1.87),2.0,lipase,Sphingopyxis macrogoltabida (Sphingomonas macrogoltabidus),154
B9EYD3,Oryza sativa subsp. japonica (Rice),396,,3.1.1.-,Phospholipase A1-II 4 (EC 3.1.1.-),2.0,lipase,Oryza sativa subsp. japonica (Rice),218
B8A8C9,Oryza sativa subsp. indica (Rice),465,,3.1.1.-,Phospholipase A1-II 5 (EC 3.1.1.-),2.0,lipase,Oryza sativa subsp. indica (Rice),230
A0A0E4AET8,Rhodococcus erythropolis (Arthrobacter picolinophilus),454,,3.5.1.-,Probable N-octanoylanthranilate hydrolase AqdA2 (EC 3.5.1.-),2.0,lipase,Rhodococcus erythropolis (Arthrobacter picolinophilus),146
A2Y7R2,Oryza sativa subsp. indica (Rice),407,,3.1.1.-,Phospholipase A1-II 7 (EC 3.1.1.-),2.0,lipase,Oryza sativa subsp. indica (Rice),227
A2WTA0,Oryza sativa subsp. indica (Rice),420,,3.1.1.-,Phospholipase A1-II 3 (EC 3.1.1.-),2.0,lipase,Oryza sativa subsp. indica (Rice),237
A2WT96,Oryza sativa subsp. indica (Rice),403,,3.1.1.-,Phospholipase A1-II 2 (EC 3.1.1.-),2.0,lipase,Oryza sativa subsp. indica (Rice),215
A0A084B9Z4,Stachybotrys chartarum (strain CBS 109288 / IBT 7711) (Toxic black mold) (Stilbospora chartarum),485,,3.1.1.-,Probable trichothecene esterase SAT6 (EC 3.1.1.-) (Satratoxin biosynthesis SC1 cluster protein 6),2.0,lipase,Stachybotrys chartarum (strain CBS 109288 / IBT 7711) (Toxic black mold) (Stilbospora chartarum),259
D4AZY1,Arthroderma benhamiae (strain ATCC MYA-4681 / CBS 112371) (Trichophyton mentagrophytes),387,,3.1.1.47,Probable 1-alkyl-2-acetylglycerophosphocholine esterase (EC 3.1.1.47),2.0,lipase,Arthroderma benhamiae (strain ATCC MYA-4681 / CBS 112371) (Trichophyton mentagrophytes),224
